Algorithm;Parameters;FrameWork;balanced_accuracy;recall;precision;accuracy;f1;macro_recall;macro_precision;macro_accuracy;macro_f1
DecisionTree;max_depth = 20;R;0.931251324222681;0.911111111111111;0.911111111111111;0.911111111111111;0.911111111111111;0.907738095238095;0.916666666666667;0.940740740740741;0.909502262443439
RandomForest;;R;0.915458313469993;0.888888888888889;0.888888888888889;0.888888888888889;0.888888888888889;0.886904761904762;0.889894419306184;0.925925925925926;0.887766554433221
LogisticRegression;;R;0.966555100905768;0.955555555555556;0.955555555555556;0.955555555555556;0.955555555555556;0.955357142857143;0.955357142857143;0.97037037037037;0.955357142857143
XGboost;;R;0.915458313469993;0.888888888888889;0.888888888888889;0.888888888888889;0.888888888888889;0.886904761904762;0.889894419306184;0.925925925925926;0.887766554433221
SVM - Nu-classification;kernel = radial, gamma = 8;R;0.884342280664583;0.844444444444444;0.844444444444444;0.844444444444444;0.844444444444444;0.845436507936508;0.857516339869281;0.896296296296296;0.84715821812596
