Algorithm;Parameters;FrameWork;balanced_accuracy;recall;precision;accuracy;f1;macro_recall;macro_precision;macro_f1
DecisionTree;max_depth = 20;scikit-learn;0.9696969696969697;0.9777777777777777;0.9777777777777777;0.9777777777777777;0.9777777777777777;0.9696969696969697;0.9803921568627452;0.9740259740259741
RandomForest;;scikit-learn;0.9488636363636364;0.9555555555555556;0.9555555555555556;0.9555555555555556;0.9555555555555556;0.9488636363636364;0.9488636363636364;0.9488636363636364
LogisticRegression;;scikit-learn;0.9488636363636364;0.9555555555555556;0.9555555555555556;0.9555555555555556;0.9555555555555556;0.9488636363636364;0.9488636363636364;0.9488636363636364
XGboost;;scikit-learn;0.9280303030303031;0.9333333333333333;0.9333333333333333;0.9333333333333333;0.9333333333333333;0.9280303030303031;0.9222222222222222;0.9242636746143057
SVM - Nu-classification;kernel = rbf, gamma = 8;scikit-learn;0.8956228956228957;0.8888888888888888;0.8888888888888888;0.8888888888888888;0.8888888888888888;0.8956228956228957;0.9206349206349206;0.8974152724152725
