Algorithm;Parameters;FrameWork;balanced_accuracy;recall;precision;accuracy;f1;macro_recall;macro_precision;macro_accuracy;macro_f1
DecisionTree;max_depth = 20;R;0.959570745861068;0.955555555555556;0.955555555555556;0.955555555555556;0.955555555555556;0.939153439153439;0.939153439153439;0.97037037037037;0.939153439153439
RandomForest;;R;0.966931216931217;0.955555555555556;0.955555555555556;0.955555555555556;0.955555555555556;0.952380952380952;0.939393939393939;0.97037037037037;0.941025641025641
LogisticRegression;;R;0.966931216931217;0.955555555555556;0.955555555555556;0.955555555555556;0.955555555555556;0.952380952380952;0.939393939393939;0.97037037037037;0.941025641025641
XGboost;;R;0.966931216931217;0.955555555555556;0.955555555555556;0.955555555555556;0.955555555555556;0.952380952380952;0.939393939393939;0.97037037037037;0.941025641025641
SVM - Nu-classification;kernel = radial, gamma = 8;R;0.865475026765349;0.8;0.8;0.8;0.8;0.815776815776816;0.805555555555556;0.866666666666667;0.785982905982906
