Algorithm;Parameters;FrameWork;balanced_accuracy;recall;precision;accuracy;f1;macro_recall;macro_precision;macro_f1
DecisionTree;max_depth = 20;scikit-learn;0.9583333333333334;0.9555555555555556;0.9555555555555556;0.9555555555555556;0.9555555555555556;0.9583333333333334;0.9487179487179488;0.9499999999999998
RandomForest;;scikit-learn;0.9375;0.9333333333333333;0.9333333333333333;0.9333333333333333;0.9333333333333333;0.9375;0.9285714285714285;0.9255172413793104
LogisticRegression;;scikit-learn;0.9791666666666666;0.9777777777777777;0.9777777777777777;0.9777777777777777;0.9777777777777777;0.9791666666666666;0.9722222222222222;0.9747545582047685
XGboost;;scikit-learn;0.9583333333333334;0.9555555555555556;0.9555555555555556;0.9555555555555556;0.9555555555555556;0.9583333333333334;0.9487179487179488;0.9499999999999998
SVM - Nu-classification;kernel = rbf, gamma = 8;scikit-learn;0.9583333333333334;0.9555555555555556;0.9555555555555556;0.9555555555555556;0.9555555555555556;0.9583333333333334;0.9487179487179488;0.9499999999999998
