Algorithm;Parameters;FrameWork;balanced_accuracy;f1;recall;macro_f1
DecisionTree;max_depth = None;scikit-learn;0.9485371055959291;0.9473333333333335;0.9473333333333335;0.9459278036570486
RandomForest;;scikit-learn;0.9545788470788472;0.9553333333333336;0.9553333333333336;0.9532351713547765
SVM - C-classification;C=1, kernel = linear, gamma = scale (default);scikit-learn;0.9784571632071632;0.9786666666666668;0.9786666666666668;0.9769470735897837
SVM - Nu-classification;kernel = linear, gamma = scale (default);scikit-learn;0.9669112924112925;0.9660000000000001;0.9660000000000001;0.9651813654946018
