Algorithm;Parameters;FrameWork;balanced_accuracy;recall;precision;accuracy;f1;macro_recall;macro_precision;macro_accuracy;macro_f1
DecisionTree;max_depth = None;scikit-learn;0.9722222222222222;0.9777777777777777;0.9777777777777777;0.9777777777777777;0.9777777777777777;0.9722222222222222;0.9791666666666666;0.9747545582047685;
RandomForest;;scikit-learn;0.9277777777777777;0.9333333333333333;0.9333333333333333;0.9333333333333333;0.9333333333333333;0.9277777777777777;0.9249084249084248;0.9255172413793104;
