Algorithm;Parameters;FrameWork;balanced_accuracy;recall;precision;accuracy;f1;macro_recall;macro_precision;macro_accuracy;macro_f1
RandomForest;;R;0.982142857142857;0.977777777777778;0.977777777777778;0.977777777777778;0.977777777777778;0.976190476190476;0.981481481481482;0.985185185185185;0.978130511463845
