Algorithm;Parameters;FrameWork;balanced_accuracy;recall;precision;accuracy;f1;macro_recall;macro_precision;macro_accuracy;macro_f1
DecisionTree;max_depth = None;scikit-learn;0.9488636363636364;0.9555555555555556;0.9555555555555556;0.9555555555555556;0.9555555555555556;0.9488636363636364;0.9488636363636364;0.9488636363636364;
RandomForest;;scikit-learn;0.9280303030303031;0.9333333333333333;0.9333333333333333;0.9333333333333333;0.9333333333333333;0.9280303030303031;0.9222222222222222;0.9242636746143057;
LogisticRegression;;scikit-learn;0.9488636363636364;0.9555555555555556;0.9555555555555556;0.9555555555555556;0.9555555555555556;0.9488636363636364;0.9488636363636364;0.9488636363636364;
XGboost;;scikit-learn;0.9488636363636364;0.9555555555555556;0.9555555555555556;0.9555555555555556;0.9555555555555556;0.9488636363636364;0.9488636363636364;0.9488636363636364;
