Algorithm;Parameters;FrameWork;balanced_accuracy;recall;precision;accuracy;f1;macro_recall;macro_precision;macro_accuracy;macro_f1
DecisionTree;max_depth = 20;scikit-learn;0.9488636363636364;0.9555555555555556;0.9555555555555556;0.9555555555555556;0.9555555555555556;0.9488636363636364;0.9488636363636364;0.9488636363636364;
LogisticRegression;;scikit-learn;0.9696969696969697;0.9777777777777777;0.9777777777777777;0.9777777777777777;0.9777777777777777;0.9696969696969697;0.9803921568627452;0.9740259740259741;
XGboost;;scikit-learn;0.9488636363636364;0.9555555555555556;0.9555555555555556;0.9555555555555556;0.9555555555555556;0.9488636363636364;0.9488636363636364;0.9488636363636364;
SVM - Nu-classification;kernel = rbf, gamma = 8;scikit-learn;0.9421296296296297;0.9333333333333333;0.9333333333333333;0.9333333333333333;0.9333333333333333;0.9421296296296297;0.9330065359477123;0.9355963729365264;
