Algorithm;Parameters;FrameWork;balanced_accuracy;recall;precision;accuracy;f1;macro_recall;macro_precision;macro_accuracy;macro_f1
DecisionTree;max_depth = 20;R;0.939278937381404;0.911111111111111;0.911111111111111;0.911111111111111;0.911111111111111;0.92156862745098;0.925925925925926;0.940740740740741;0.913888888888889
RandomForest;;R;0.939278937381404;0.911111111111111;0.911111111111111;0.911111111111111;0.911111111111111;0.92156862745098;0.925925925925926;0.940740740740741;0.913888888888889
LogisticRegression;;R;0.954459203036053;0.933333333333333;0.933333333333333;0.933333333333333;0.933333333333333;0.941176470588235;0.941176470588235;0.955555555555556;0.935483870967742
XGboost;;R;0.939278937381404;0.911111111111111;0.911111111111111;0.911111111111111;0.911111111111111;0.92156862745098;0.925925925925926;0.940740740740741;0.913888888888889
SVM - Nu-classification;kernel = radial, gamma = 8;R;0.918744917321767;0.888888888888889;0.888888888888889;0.888888888888889;0.888888888888889;0.893557422969188;0.891666666666667;0.925925925925926;0.892023685127133
