Algorithm;Parameters;FrameWork;balanced_accuracy;recall;precision;accuracy;f1;macro_recall;macro_precision;macro_accuracy;macro_f1
DecisionTree;max_depth = 20;scikit-learn;0.9411764705882352;0.9333333333333333;0.9333333333333333;0.9333333333333333;0.9333333333333333;0.9411764705882352;0.9375;0.9332591768631814;
RandomForest;;scikit-learn;0.9411764705882352;0.9333333333333333;0.9333333333333333;0.9333333333333333;0.9333333333333333;0.9411764705882352;0.9375;0.9332591768631814;
LogisticRegression;;scikit-learn;0.9607843137254902;0.9555555555555556;0.9555555555555556;0.9555555555555556;0.9555555555555556;0.9607843137254902;0.9555555555555556;0.9553571428571429;
XGboost;;scikit-learn;0.9411764705882352;0.9333333333333333;0.9333333333333333;0.9333333333333333;0.9333333333333333;0.9411764705882352;0.9375;0.9332591768631814;
SVM - Nu-classification;kernel = rbf, gamma = 8;scikit-learn;0.9385620915032679;0.9333333333333333;0.9333333333333333;0.9333333333333333;0.9333333333333333;0.9385620915032679;0.9347222222222222;0.9343931930138827;
